"Bus Table (SPI (with CS): 8 Bit, MSB, Clk = D0, MOSI = D1, MISO = D2, CS = D3)"
"gg"
Frame,Mark,Start Time in s,Source,Length,Data,State
1,,-7.9999616e-3,MOSI,1,0x00,OK
2,,-7.9905152e-3,MOSI,2,0x8800,OK
3,,-7.9905152e-3,MISO,2,0x0004,OK
4,,-7.9710144e-3,MOSI,2,0x8800,OK
5,,-7.9710144e-3,MISO,2,0x0004,OK
6,,-7.9515136e-3,MOSI,2,0x8800,OK
7,,-7.9515136e-3,MISO,2,0x0004,OK
8,,-7.9320192e-3,MOSI,2,0x8800,OK
9,,-7.9320192e-3,MISO,2,0x0004,OK
10,,-7.9125184e-3,MOSI,2,0x8800,OK
11,,-7.9125184e-3,MISO,2,0x0004,OK
12,,-7.8930176e-3,MOSI,2,0x8800,OK
13,,-7.8930176e-3,MISO,2,0x0004,OK
14,,-7.8735168e-3,MOSI,2,0x8800,OK
15,,-7.8735168e-3,MISO,2,0x0004,OK
16,,-7.8540160e-3,MOSI,2,0x8800,OK
17,,-7.8540160e-3,MISO,2,0x0004,OK
18,,-7.8345152e-3,MOSI,2,0x8800,OK
19,,-7.8345152e-3,MISO,2,0x0004,OK
20,,-7.8150144e-3,MOSI,2,0x8800,OK
21,,-7.8150144e-3,MISO,2,0x0004,OK
22,,-7.7955136e-3,MOSI,2,0x8800,OK
23,,-7.7955136e-3,MISO,2,0x0004,OK
24,,-7.7760192e-3,MOSI,2,0x8800,OK
25,,-7.7760192e-3,MISO,2,0x0004,OK
26,,-7.5930176e-3,MOSI,2,0x8800,OK
27,,-7.5930176e-3,MISO,2,0x0004,OK
28,,-7.5735168e-3,MOSI,2,0x8800,OK
29,,-7.5735168e-3,MISO,2,0x0004,OK
30,,-7.5540160e-3,MOSI,2,0x8800,OK
31,,-7.5540160e-3,MISO,2,0x0004,OK
32,,-7.5345152e-3,MOSI,2,0x8800,OK
33,,-7.5345152e-3,MISO,2,0x0004,OK
34,,-7.5150144e-3,MOSI,2,0x8800,OK
35,,-7.5150144e-3,MISO,2,0x0004,OK
36,,-7.4955136e-3,MOSI,2,0x8800,OK
37,,-7.4955136e-3,MISO,2,0x0004,OK
38,,-7.4760192e-3,MOSI,2,0x8800,OK
39,,-7.4760192e-3,MISO,2,0x0004,OK
40,,-7.4565184e-3,MOSI,2,0x8800,OK
41,,-7.4565184e-3,MISO,2,0x0004,OK
42,,-7.4370176e-3,MOSI,2,0x8800,OK
43,,-7.4370176e-3,MISO,2,0x0004,OK
44,,-7.4175168e-3,MOSI,2,0x8800,OK
45,,-7.4175168e-3,MISO,2,0x0004,OK
46,,-7.3980160e-3,MOSI,2,0x8800,OK
47,,-7.3980160e-3,MISO,2,0x0004,OK
48,,-7.3785152e-3,MOSI,2,0x8800,OK
49,,-7.3785152e-3,MISO,2,0x0004,OK
50,,-7.3590144e-3,MOSI,2,0x8800,OK
51,,-7.3590144e-3,MISO,2,0x0004,OK
52,,-7.3395136e-3,MOSI,2,0x8800,OK
53,,-7.3395136e-3,MISO,2,0x0004,OK
54,,-7.3200192e-3,MOSI,2,0x8800,OK
55,,-7.3200192e-3,MISO,2,0x0004,OK
56,,-7.3005184e-3,MOSI,2,0x8800,OK
57,,-7.3005184e-3,MISO,2,0x0004,OK
58,,-7.2810176e-3,MOSI,2,0x8800,OK
59,,-7.2810176e-3,MISO,2,0x0004,OK
60,,-7.2615168e-3,MOSI,2,0x8800,OK
61,,-7.2615168e-3,MISO,2,0x0004,OK
62,,-7.2420160e-3,MOSI,2,0x8800,OK
63,,-7.2420160e-3,MISO,2,0x0004,OK
64,,-7.2225152e-3,MOSI,2,0x8800,OK
65,,-7.2225152e-3,MISO,2,0x0004,OK
66,,-7.2030144e-3,MOSI,2,0x8800,OK
67,,-7.2030144e-3,MISO,2,0x0004,OK
68,,-7.1830144e-3,MOSI,2,0x2400,OK
69,,-7.1830144e-3,MISO,2,0x0012,OK
70,,-7.1635136e-3,MOSI,2,0x2600,OK
71,,-7.1635136e-3,MISO,2,0x0012,OK
72,,-7.1440128e-3,MOSI,2,0x4826,OK
73,,-7.1440128e-3,MISO,2,0x0064,OK
74,,-7.1245184e-3,MOSI,2,0x0200,OK
75,,-7.1245184e-3,MISO,2,0x2600,OK
76,,-7.1050176e-3,MOSI,2,0x087F,OK
77,,-7.1050176e-3,MISO,2,0x0004,OK
78,,-7.0855168e-3,MOSI,2,0x1480,OK
79,,-7.0855168e-3,MISO,2,0x7F0A,OK
80,,-7.0660160e-3,MOSI,2,0x1226,OK
81,,-7.0660160e-3,MISO,2,0x8008,OK
82,,-7.0465152e-3,MOSI,2,0x1A07,OK
83,,-7.0465152e-3,MISO,2,0x260C,OK
84,,-7.0270144e-3,MOSI,2,0x020C,OK
85,,-7.0270144e-3,MISO,2,0x0700,OK
86,,-7.0075136e-3,MOSI,2,0x9A00,OK
87,,-7.0075136e-3,MISO,2,0x0C07,OK
88,,-6.9880128e-3,MOSI,2,0x1A87,OK
89,,-6.9880128e-3,MISO,2,0x000C,OK
90,,-6.9685184e-3,MOSI,2,0x8800,OK
91,,-6.9685184e-3,MISO,2,0x8704,OK
92,,-6.9490176e-3,MOSI,2,0x8800,OK
93,,-6.9490176e-3,MISO,2,0x0004,OK
94,,-6.9295168e-3,MOSI,2,0x8800,OK
95,,-6.9295168e-3,MISO,2,0x0004,OK
96,,-6.9100160e-3,MOSI,2,0x8800,OK
97,,-6.9100160e-3,MISO,2,0x0004,OK
98,,-6.8905152e-3,MOSI,2,0x8800,OK
99,,-6.8905152e-3,MISO,2,0x0004,OK
100,,-6.8710144e-3,MOSI,2,0x8800,OK
101,,-6.8710144e-3,MISO,2,0x0004,OK
102,,-6.8515136e-3,MOSI,2,0x8800,OK
103,,-6.8515136e-3,MISO,2,0x0004,OK
104,,-6.8320128e-3,MOSI,2,0x8800,OK
105,,-6.8320128e-3,MISO,2,0x0004,OK
106,,-6.8125184e-3,MOSI,2,0x8800,OK
107,,-6.8125184e-3,MISO,2,0x0004,OK
108,,-6.7930176e-3,MOSI,2,0x8800,OK
109,,-6.7930176e-3,MISO,2,0x0004,OK
110,,-6.7735168e-3,MOSI,2,0x8800,OK
111,,-6.7735168e-3,MISO,2,0x0004,OK
112,,-6.7540160e-3,MOSI,2,0x8800,OK
113,,-6.7540160e-3,MISO,2,0x0004,OK
114,,-6.7345152e-3,MOSI,2,0x8800,OK
115,,-6.7345152e-3,MISO,2,0x0004,OK
116,,-6.7150144e-3,MOSI,2,0x8800,OK
117,,-6.7150144e-3,MISO,2,0x0004,OK
118,,-6.6955136e-3,MOSI,2,0x8800,OK
119,,-6.6955136e-3,MISO,2,0x0004,OK
120,,-6.6760128e-3,MOSI,2,0x8800,OK
121,,-6.6760128e-3,MISO,2,0x0004,OK
122,,-6.6565184e-3,MOSI,2,0x8800,OK
123,,-6.6565184e-3,MISO,2,0x0004,OK
124,,-6.6370176e-3,MOSI,2,0x8800,OK
125,,-6.6370176e-3,MISO,2,0x0004,OK
126,,-6.6175168e-3,MOSI,2,0x8800,OK
127,,-6.6175168e-3,MISO,2,0x0004,OK
128,,-6.5980160e-3,MOSI,2,0x8800,OK
129,,-6.5980160e-3,MISO,2,0x0004,OK
130,,-6.4150144e-3,MOSI,2,0x8800,OK
131,,-6.4150144e-3,MISO,2,0x0004,OK
132,,-6.3955136e-3,MOSI,2,0x8800,OK
133,,-6.3955136e-3,MISO,2,0x0004,OK
134,,-6.3760128e-3,MOSI,2,0x8800,OK
135,,-6.3760128e-3,MISO,2,0x0004,OK
136,,-6.3565120e-3,MOSI,2,0x8800,OK
137,,-6.3565120e-3,MISO,2,0x0004,OK
138,,-6.3370176e-3,MOSI,2,0x8800,OK
139,,-6.3370176e-3,MISO,2,0x0004,OK
140,,-6.3175168e-3,MOSI,2,0x8800,OK
141,,-6.3175168e-3,MISO,2,0x0004,OK
142,,-6.2980160e-3,MOSI,2,0x8800,OK
143,,-6.2980160e-3,MISO,2,0x0004,OK
144,,-6.2785152e-3,MOSI,2,0x8800,OK
145,,-6.2785152e-3,MISO,2,0x0004,OK
146,,-6.2590144e-3,MOSI,2,0x8800,OK
147,,-6.2590144e-3,MISO,2,0x0004,OK
148,,-6.2395136e-3,MOSI,2,0x8800,OK
149,,-6.2395136e-3,MISO,2,0x0004,OK
150,,-6.2200128e-3,MOSI,2,0x8800,OK
151,,-6.2200128e-3,MISO,2,0x0004,OK
152,,-6.2005120e-3,MOSI,2,0x8800,OK
153,,-6.2005120e-3,MISO,2,0x0004,OK
154,,-6.1810176e-3,MOSI,2,0x8800,OK
155,,-6.1810176e-3,MISO,2,0x0004,OK
156,,-6.1615168e-3,MOSI,2,0x8800,OK
157,,-6.1615168e-3,MISO,2,0x0004,OK
158,,-6.1420160e-3,MOSI,2,0x8800,OK
159,,-6.1420160e-3,MISO,2,0x0004,OK
160,,-6.1225152e-3,MOSI,2,0x8800,OK
161,,-6.1225152e-3,MISO,2,0x0004,OK
162,,-6.1030144e-3,MOSI,2,0x8800,OK
163,,-6.1030144e-3,MISO,2,0x0004,OK
164,,-6.0835136e-3,MOSI,2,0x8800,OK
165,,-6.0835136e-3,MISO,2,0x0004,OK
166,,-6.0640128e-3,MOSI,2,0x8800,OK
167,,-6.0640128e-3,MISO,2,0x0004,OK
168,,-6.0445120e-3,MOSI,2,0x8800,OK
169,,-6.0445120e-3,MISO,2,0x0004,OK
170,,-6.0250176e-3,MOSI,2,0x8800,OK
171,,-6.0250176e-3,MISO,2,0x0004,OK
172,,-6.0055168e-3,MOSI,2,0x8800,OK
173,,-6.0055168e-3,MISO,2,0x0004,OK
174,,-5.9860160e-3,MOSI,2,0x8800,OK
175,,-5.9860160e-3,MISO,2,0x0004,OK
176,,-5.9665152e-3,MOSI,2,0x8800,OK
177,,-5.9665152e-3,MISO,2,0x0004,OK
178,,-5.9470144e-3,MOSI,2,0x8800,OK
179,,-5.9470144e-3,MISO,2,0x0004,OK
180,,-5.9275136e-3,MOSI,2,0x8800,OK
181,,-5.9275136e-3,MISO,2,0x0004,OK
182,,-5.9080128e-3,MOSI,2,0x8800,OK
183,,-5.9080128e-3,MISO,2,0x0004,OK
184,,-5.8885120e-3,MOSI,2,0x8800,OK
185,,-5.8885120e-3,MISO,2,0x0004,OK
186,,-5.8690176e-3,MOSI,2,0x8800,OK
187,,-5.8690176e-3,MISO,2,0x0004,OK
188,,-5.8495168e-3,MOSI,2,0x8800,OK
189,,-5.8495168e-3,MISO,2,0x0004,OK
190,,-5.8300160e-3,MOSI,2,0x8800,OK
191,,-5.8300160e-3,MISO,2,0x0004,OK
192,,-5.8105152e-3,MOSI,2,0x8800,OK
193,,-5.8105152e-3,MISO,2,0x0004,OK
194,,-5.7910144e-3,MOSI,2,0x8800,OK
195,,-5.7910144e-3,MISO,2,0x0004,OK
196,,-5.7715136e-3,MOSI,2,0x8800,OK
197,,-5.7715136e-3,MISO,2,0x0004,OK
198,,-5.7520128e-3,MOSI,2,0x8800,OK
199,,-5.7520128e-3,MISO,2,0x0004,OK
200,,-5.7325120e-3,MOSI,2,0x8800,OK
201,,-5.7325120e-3,MISO,2,0x0004,OK
202,,-5.7130112e-3,MOSI,2,0x8800,OK
203,,-5.7130112e-3,MISO,2,0x0004,OK
204,,-5.6935168e-3,MOSI,2,0x8800,OK
205,,-5.6935168e-3,MISO,2,0x0004,OK
206,,-5.6740160e-3,MOSI,2,0x8800,OK
207,,-5.6740160e-3,MISO,2,0x0004,OK
208,,-5.6545152e-3,MOSI,2,0x8800,OK
209,,-5.6545152e-3,MISO,2,0x0004,OK
210,,-5.6350144e-3,MOSI,2,0x8800,OK
211,,-5.6350144e-3,MISO,2,0x0004,OK
212,,-5.6155136e-3,MOSI,2,0x8800,OK
213,,-5.6155136e-3,MISO,2,0x0004,OK
214,,-5.5960128e-3,MOSI,2,0x8800,OK
215,,-5.5960128e-3,MISO,2,0x0004,OK
216,,-5.5765120e-3,MOSI,2,0x8800,OK
217,,-5.5765120e-3,MISO,2,0x0004,OK
218,,-5.5570112e-3,MOSI,2,0x8800,OK
219,,-5.5570112e-3,MISO,2,0x0004,OK
220,,-5.5375168e-3,MOSI,2,0x8800,OK
221,,-5.5375168e-3,MISO,2,0x0004,OK
222,,-5.5180160e-3,MOSI,2,0x8800,OK
223,,-5.5180160e-3,MISO,2,0x0004,OK
224,,-5.4985152e-3,MOSI,2,0x8800,OK
225,,-5.4985152e-3,MISO,2,0x0004,OK
226,,-5.4790144e-3,MOSI,2,0x8800,OK
227,,-5.4790144e-3,MISO,2,0x0004,OK
228,,-5.4595136e-3,MOSI,2,0x8800,OK
229,,-5.4595136e-3,MISO,2,0x0004,OK
230,,-5.4400128e-3,MOSI,2,0x8800,OK
231,,-5.4400128e-3,MISO,2,0x0004,OK
232,,-5.4205120e-3,MOSI,2,0x8800,OK
233,,-5.4205120e-3,MISO,2,0x0004,OK
234,,-5.2375104e-3,MOSI,2,0x8800,OK
235,,-5.2375104e-3,MISO,2,0x0004,OK
236,,-5.2180160e-3,MOSI,2,0x8800,OK
237,,-5.2180160e-3,MISO,2,0x0004,OK
238,,-5.1985152e-3,MOSI,2,0x8800,OK
239,,-5.1985152e-3,MISO,2,0x0004,OK
240,,-5.1790144e-3,MOSI,2,0x8800,OK
241,,-5.1790144e-3,MISO,2,0x0004,OK
242,,-5.1595136e-3,MOSI,2,0x8800,OK
243,,-5.1595136e-3,MISO,2,0x0004,OK
244,,-5.1400128e-3,MOSI,2,0x8800,OK
245,,-5.1400128e-3,MISO,2,0x0004,OK
246,,-5.1205120e-3,MOSI,2,0x8800,OK
247,,-5.1205120e-3,MISO,2,0x0004,OK
248,,-5.1010112e-3,MOSI,2,0x8800,OK
249,,-5.1010112e-3,MISO,2,0x0004,OK
250,,-5.0815104e-3,MOSI,2,0x8800,OK
251,,-5.0815104e-3,MISO,2,0x0004,OK
252,,-5.0620160e-3,MOSI,2,0x8800,OK
253,,-5.0620160e-3,MISO,2,0x0004,OK
254,,-5.0425152e-3,MOSI,2,0x8800,OK
255,,-5.0425152e-3,MISO,2,0x0004,OK
256,,-5.0230144e-3,MOSI,2,0x8800,OK
257,,-5.0230144e-3,MISO,2,0x0004,OK
258,,-5.0035136e-3,MOSI,2,0x8800,OK
259,,-5.0035136e-3,MISO,2,0x0004,OK
260,,-4.9840128e-3,MOSI,2,0x8800,OK
261,,-4.9840128e-3,MISO,2,0x0004,OK
262,,-4.9645120e-3,MOSI,2,0x8800,OK
263,,-4.9645120e-3,MISO,2,0x0004,OK
264,,-4.9450112e-3,MOSI,2,0x8800,OK
265,,-4.9450112e-3,MISO,2,0x0004,OK
266,,-4.9255104e-3,MOSI,2,0x8800,OK
267,,-4.9255104e-3,MISO,2,0x0004,OK
268,,-4.9060160e-3,MOSI,2,0x8800,OK
269,,-4.9060160e-3,MISO,2,0x0004,OK
270,,-4.8865152e-3,MOSI,2,0x8800,OK
271,,-4.8865152e-3,MISO,2,0x0004,OK
272,,-4.8670144e-3,MOSI,2,0x8800,OK
273,,-4.8670144e-3,MISO,2,0x0004,OK
274,,-4.8475136e-3,MOSI,2,0x8800,OK
275,,-4.8475136e-3,MISO,2,0x0004,OK
276,,-4.8280128e-3,MOSI,2,0x8800,OK
277,,-4.8280128e-3,MISO,2,0x0004,OK
278,,-4.8085120e-3,MOSI,2,0x8800,OK
279,,-4.8085120e-3,MISO,2,0x0004,OK
280,,-4.7890112e-3,MOSI,2,0x8800,OK
281,,-4.7890112e-3,MISO,2,0x0004,OK
282,,-4.7695104e-3,MOSI,2,0x8800,OK
283,,-4.7695104e-3,MISO,2,0x0004,OK
284,,-4.7500160e-3,MOSI,2,0x8800,OK
285,,-4.7500160e-3,MISO,2,0x0004,OK
286,,-4.7305152e-3,MOSI,2,0x8800,OK
287,,-4.7305152e-3,MISO,2,0x0004,OK
288,,-4.7110144e-3,MOSI,2,0x8800,OK
289,,-4.7110144e-3,MISO,2,0x0004,OK
290,,-4.6915136e-3,MOSI,2,0x8800,OK
291,,-4.6915136e-3,MISO,2,0x0004,OK
292,,-4.6715136e-3,MOSI,2,0x2400,OK
293,,-4.6715136e-3,MISO,2,0x0012,OK
294,,-4.6520128e-3,MOSI,2,0x2600,OK
295,,-4.6520128e-3,MISO,2,0x0012,OK
296,,-4.6325120e-3,MOSI,2,0x4826,OK
297,,-4.6325120e-3,MISO,2,0x0064,OK
298,,-4.6130112e-3,MOSI,2,0x0200,OK
299,,-4.6130112e-3,MISO,2,0x2600,OK
300,,-4.5935104e-3,MOSI,2,0x087F,OK
301,,-4.5935104e-3,MISO,2,0x0004,OK
302,,-4.5740160e-3,MOSI,2,0x1480,OK
303,,-4.5740160e-3,MISO,2,0x7F0A,OK
304,,-4.5545152e-3,MOSI,2,0x1226,OK
305,,-4.5545152e-3,MISO,2,0x8008,OK
306,,-4.5350144e-3,MOSI,2,0x1A07,OK
307,,-4.5350144e-3,MISO,2,0x260C,OK
308,,-4.5155136e-3,MOSI,2,0x020C,OK
309,,-4.5155136e-3,MISO,2,0x0700,OK
310,,-4.4960128e-3,MOSI,2,0x9A00,OK
311,,-4.4960128e-3,MISO,2,0x0C07,OK
312,,-4.4765120e-3,MOSI,2,0x1A87,OK
313,,-4.4765120e-3,MISO,2,0x000C,OK
314,,-4.4570112e-3,MOSI,2,0x8800,OK
315,,-4.4570112e-3,MISO,2,0x8704,OK
316,,-4.4375104e-3,MOSI,2,0x8800,OK
317,,-4.4375104e-3,MISO,2,0x0004,OK
318,,-4.4180160e-3,MOSI,2,0x8800,OK
319,,-4.4180160e-3,MISO,2,0x0004,OK
320,,-4.3985152e-3,MOSI,2,0x8800,OK
321,,-4.3985152e-3,MISO,2,0x0004,OK
322,,-4.3790144e-3,MOSI,2,0x8800,OK
323,,-4.3790144e-3,MISO,2,0x0004,OK
324,,-4.3595136e-3,MOSI,2,0x8800,OK
325,,-4.3595136e-3,MISO,2,0x0004,OK
326,,-4.3400128e-3,MOSI,2,0x8800,OK
327,,-4.3400128e-3,MISO,2,0x0004,OK
328,,-4.3205120e-3,MOSI,2,0x8800,OK
329,,-4.3205120e-3,MISO,2,0x0004,OK
330,,-4.3010112e-3,MOSI,2,0x8800,OK
331,,-4.3010112e-3,MISO,2,0x0004,OK
332,,-4.2815104e-3,MOSI,2,0x8800,OK
333,,-4.2815104e-3,MISO,2,0x0004,OK
334,,-4.2620096e-3,MOSI,2,0x8800,OK
335,,-4.2620096e-3,MISO,2,0x0004,OK
336,,-4.2425152e-3,MOSI,2,0x8800,OK
337,,-4.2425152e-3,MISO,2,0x0004,OK
338,,-4.0595136e-3,MOSI,2,0x8800,OK
339,,-4.0595136e-3,MISO,2,0x0004,OK
340,,-4.0400128e-3,MOSI,2,0x8800,OK
341,,-4.0400128e-3,MISO,2,0x0004,OK
342,,-4.0205120e-3,MOSI,2,0x8800,OK
343,,-4.0205120e-3,MISO,2,0x0004,OK
344,,-4.0010112e-3,MOSI,2,0x8800,OK
345,,-4.0010112e-3,MISO,2,0x0004,OK
346,,-3.9815104e-3,MOSI,2,0x8800,OK
347,,-3.9815104e-3,MISO,2,0x0004,OK
348,,-3.9620096e-3,MOSI,2,0x8800,OK
349,,-3.9620096e-3,MISO,2,0x0004,OK
350,,-3.9425152e-3,MOSI,2,0x8800,OK
351,,-3.9425152e-3,MISO,2,0x0004,OK
352,,-3.9230144e-3,MOSI,2,0x8800,OK
353,,-3.9230144e-3,MISO,2,0x0004,OK
354,,-3.9035136e-3,MOSI,2,0x8800,OK
355,,-3.9035136e-3,MISO,2,0x0004,OK
356,,-3.8840128e-3,MOSI,2,0x8800,OK
357,,-3.8840128e-3,MISO,2,0x0004,OK
358,,-3.8645120e-3,MOSI,2,0x8800,OK
359,,-3.8645120e-3,MISO,2,0x0004,OK
360,,-3.8450112e-3,MOSI,2,0x8800,OK
361,,-3.8450112e-3,MISO,2,0x0004,OK
362,,-3.8255104e-3,MOSI,2,0x8800,OK
363,,-3.8255104e-3,MISO,2,0x0004,OK
364,,-3.8060096e-3,MOSI,2,0x8800,OK
365,,-3.8060096e-3,MISO,2,0x0004,OK
366,,-3.7865152e-3,MOSI,2,0x8800,OK
367,,-3.7865152e-3,MISO,2,0x0004,OK
368,,-3.7670144e-3,MOSI,2,0x8800,OK
369,,-3.7670144e-3,MISO,2,0x0004,OK
370,,-3.7475136e-3,MOSI,2,0x8800,OK
371,,-3.7475136e-3,MISO,2,0x0004,OK
372,,-3.7280128e-3,MOSI,2,0x8800,OK
373,,-3.7280128e-3,MISO,2,0x0004,OK
374,,-3.7085120e-3,MOSI,2,0x8800,OK
375,,-3.7085120e-3,MISO,2,0x0004,OK
376,,-3.6890112e-3,MOSI,2,0x8800,OK
377,,-3.6890112e-3,MISO,2,0x0004,OK
378,,-3.6695104e-3,MOSI,2,0x8800,OK
379,,-3.6695104e-3,MISO,2,0x0004,OK
380,,-3.6500096e-3,MOSI,2,0x8800,OK
381,,-3.6500096e-3,MISO,2,0x0004,OK
382,,-3.6305152e-3,MOSI,2,0x8800,OK
383,,-3.6305152e-3,MISO,2,0x0004,OK
384,,-3.6110144e-3,MOSI,2,0x8800,OK
385,,-3.6110144e-3,MISO,2,0x0004,OK
386,,-3.5915136e-3,MOSI,2,0x8800,OK
387,,-3.5915136e-3,MISO,2,0x0004,OK
388,,-3.5720128e-3,MOSI,2,0x8800,OK
389,,-3.5720128e-3,MISO,2,0x0004,OK
390,,-3.5525120e-3,MOSI,2,0x8800,OK
391,,-3.5525120e-3,MISO,2,0x0004,OK
392,,-3.5330112e-3,MOSI,2,0x8800,OK
393,,-3.5330112e-3,MISO,2,0x0004,OK
394,,-3.5135104e-3,MOSI,2,0x8800,OK
395,,-3.5135104e-3,MISO,2,0x0004,OK
396,,-3.4940096e-3,MOSI,2,0x8800,OK
397,,-3.4940096e-3,MISO,2,0x0004,OK
398,,-3.4745088e-3,MOSI,2,0x8800,OK
399,,-3.4745088e-3,MISO,2,0x0004,OK
400,,-3.4550144e-3,MOSI,2,0x8800,OK
401,,-3.4550144e-3,MISO,2,0x0004,OK
402,,-3.4355136e-3,MOSI,2,0x8800,OK
403,,-3.4355136e-3,MISO,2,0x0004,OK
404,,-3.4160128e-3,MOSI,2,0x8800,OK
405,,-3.4160128e-3,MISO,2,0x0004,OK
406,,-3.3965120e-3,MOSI,2,0x8800,OK
407,,-3.3965120e-3,MISO,2,0x0004,OK
408,,-3.3770112e-3,MOSI,2,0x8800,OK
409,,-3.3770112e-3,MISO,2,0x0004,OK
410,,-3.3575104e-3,MOSI,2,0x8800,OK
411,,-3.3575104e-3,MISO,2,0x0004,OK
412,,-3.3380096e-3,MOSI,2,0x8800,OK
413,,-3.3380096e-3,MISO,2,0x0004,OK
414,,-3.3185088e-3,MOSI,2,0x8800,OK
415,,-3.3185088e-3,MISO,2,0x0004,OK
416,,-3.2990144e-3,MOSI,2,0x8800,OK
417,,-3.2990144e-3,MISO,2,0x0004,OK
418,,-3.2795136e-3,MOSI,2,0x8800,OK
419,,-3.2795136e-3,MISO,2,0x0004,OK
420,,-3.2600128e-3,MOSI,2,0x8800,OK
421,,-3.2600128e-3,MISO,2,0x0004,OK
422,,-3.2405120e-3,MOSI,2,0x8800,OK
423,,-3.2405120e-3,MISO,2,0x0004,OK
424,,-3.2210112e-3,MOSI,2,0x8800,OK
425,,-3.2210112e-3,MISO,2,0x0004,OK
426,,-3.2015104e-3,MOSI,2,0x8800,OK
427,,-3.2015104e-3,MISO,2,0x0004,OK
428,,-3.1820096e-3,MOSI,2,0x8800,OK
429,,-3.1820096e-3,MISO,2,0x0004,OK
430,,-3.1625088e-3,MOSI,2,0x8800,OK
431,,-3.1625088e-3,MISO,2,0x0004,OK
432,,-3.1430144e-3,MOSI,2,0x8800,OK
433,,-3.1430144e-3,MISO,2,0x0004,OK
434,,-3.1235136e-3,MOSI,2,0x8800,OK
435,,-3.1235136e-3,MISO,2,0x0004,OK
436,,-3.1040128e-3,MOSI,2,0x8800,OK
437,,-3.1040128e-3,MISO,2,0x0004,OK
438,,-3.0845120e-3,MOSI,2,0x8800,OK
439,,-3.0845120e-3,MISO,2,0x0004,OK
440,,-3.0650112e-3,MOSI,2,0x8800,OK
441,,-3.0650112e-3,MISO,2,0x0004,OK
442,,-2.8820096e-3,MOSI,2,0x8800,OK
443,,-2.8820096e-3,MISO,2,0x0004,OK
444,,-2.8625088e-3,MOSI,2,0x8800,OK
445,,-2.8625088e-3,MISO,2,0x0004,OK
446,,-2.8430080e-3,MOSI,2,0x8800,OK
447,,-2.8430080e-3,MISO,2,0x0004,OK
448,,-2.8235136e-3,MOSI,2,0x8800,OK
449,,-2.8235136e-3,MISO,2,0x0004,OK
450,,-2.8040128e-3,MOSI,2,0x8800,OK
451,,-2.8040128e-3,MISO,2,0x0004,OK
452,,-2.7845120e-3,MOSI,2,0x8800,OK
453,,-2.7845120e-3,MISO,2,0x0004,OK
454,,-2.7650112e-3,MOSI,2,0x8800,OK
455,,-2.7650112e-3,MISO,2,0x0004,OK
456,,-2.7455104e-3,MOSI,2,0x8800,OK
457,,-2.7455104e-3,MISO,2,0x0004,OK
458,,-2.7260096e-3,MOSI,2,0x8800,OK
459,,-2.7260096e-3,MISO,2,0x0004,OK
460,,-2.7065088e-3,MOSI,2,0x8800,OK
461,,-2.7065088e-3,MISO,2,0x0004,OK
462,,-2.6870080e-3,MOSI,2,0x8800,OK
463,,-2.6870080e-3,MISO,2,0x0004,OK
464,,-2.6675136e-3,MOSI,2,0x8800,OK
465,,-2.6675136e-3,MISO,2,0x0004,OK
466,,-2.6480128e-3,MOSI,2,0x8800,OK
467,,-2.6480128e-3,MISO,2,0x0004,OK
468,,-2.6285120e-3,MOSI,2,0x8800,OK
469,,-2.6285120e-3,MISO,2,0x0004,OK
470,,-2.6090112e-3,MOSI,2,0x8800,OK
471,,-2.6090112e-3,MISO,2,0x0004,OK
472,,-2.5895104e-3,MOSI,2,0x8800,OK
473,,-2.5895104e-3,MISO,2,0x0004,OK
474,,-2.5700096e-3,MOSI,2,0x8800,OK
475,,-2.5700096e-3,MISO,2,0x0004,OK
476,,-2.5505088e-3,MOSI,2,0x8800,OK
477,,-2.5505088e-3,MISO,2,0x0004,OK
478,,-2.5310080e-3,MOSI,2,0x8800,OK
479,,-2.5310080e-3,MISO,2,0x0004,OK
480,,-2.5115136e-3,MOSI,2,0x8800,OK
481,,-2.5115136e-3,MISO,2,0x0004,OK
482,,-2.4920128e-3,MOSI,2,0x8800,OK
483,,-2.4920128e-3,MISO,2,0x0004,OK
484,,-2.4725120e-3,MOSI,2,0x8800,OK
485,,-2.4725120e-3,MISO,2,0x0004,OK
486,,-2.4530112e-3,MOSI,2,0x8800,OK
487,,-2.4530112e-3,MISO,2,0x0004,OK
488,,-2.4335104e-3,MOSI,2,0x8800,OK
489,,-2.4335104e-3,MISO,2,0x0004,OK
490,,-2.4140096e-3,MOSI,2,0x8800,OK
491,,-2.4140096e-3,MISO,2,0x0004,OK
492,,-2.3945088e-3,MOSI,2,0x8800,OK
493,,-2.3945088e-3,MISO,2,0x0004,OK
494,,-2.3750080e-3,MOSI,2,0x8800,OK
495,,-2.3750080e-3,MISO,2,0x0004,OK
496,,-2.3555072e-3,MOSI,2,0x8800,OK
497,,-2.3555072e-3,MISO,2,0x0004,OK
498,,-2.3360128e-3,MOSI,2,0x8800,OK
499,,-2.3360128e-3,MISO,2,0x0004,OK
500,,-2.3165120e-3,MOSI,2,0x8800,OK
501,,-2.3165120e-3,MISO,2,0x0004,OK
502,,-2.2970112e-3,MOSI,2,0x8800,OK
503,,-2.2970112e-3,MISO,2,0x0004,OK
504,,-2.2775104e-3,MOSI,2,0x8800,OK
505,,-2.2775104e-3,MISO,2,0x0004,OK
506,,-2.2580096e-3,MOSI,2,0x8800,OK
507,,-2.2580096e-3,MISO,2,0x0004,OK
508,,-2.2385088e-3,MOSI,2,0x8800,OK
509,,-2.2385088e-3,MISO,2,0x0004,OK
510,,-2.2190080e-3,MOSI,2,0x8800,OK
511,,-2.2190080e-3,MISO,2,0x0004,OK
512,,-2.1995072e-3,MOSI,2,0x8800,OK
513,,-2.1995072e-3,MISO,2,0x0004,OK
514,,-2.1800128e-3,MOSI,2,0x8800,OK
515,,-2.1800128e-3,MISO,2,0x0004,OK
516,,-2.1600128e-3,MOSI,2,0x2400,OK
517,,-2.1600128e-3,MISO,2,0x0012,OK
518,,-2.1405120e-3,MOSI,2,0x2600,OK
519,,-2.1405120e-3,MISO,2,0x0012,OK
520,,-2.1210112e-3,MOSI,2,0x4826,OK
521,,-2.1210112e-3,MISO,2,0x0064,OK
522,,-2.1015104e-3,MOSI,2,0x0200,OK
523,,-2.1015104e-3,MISO,2,0x2600,OK
524,,-2.0820096e-3,MOSI,2,0x087F,OK
525,,-2.0820096e-3,MISO,2,0x0004,OK
526,,-2.0625088e-3,MOSI,2,0x1480,OK
527,,-2.0625088e-3,MISO,2,0x7F0A,OK
528,,-2.0430080e-3,MOSI,2,0x1226,OK
529,,-2.0430080e-3,MISO,2,0x8008,OK
530,,-2.0235072e-3,MOSI,2,0x1A07,OK
531,,-2.0235072e-3,MISO,2,0x260C,OK
532,,-2.0040128e-3,MOSI,2,0x020C,OK
533,,-2.0040128e-3,MISO,2,0x0700,OK
534,,-1.9845120e-3,MOSI,2,0x9A00,OK
535,,-1.9845120e-3,MISO,2,0x0C07,OK
536,,-1.9650112e-3,MOSI,2,0x1A87,OK
537,,-1.9650112e-3,MISO,2,0x000C,OK
538,,-1.9455104e-3,MOSI,2,0x8800,OK
539,,-1.9455104e-3,MISO,2,0x8704,OK
540,,-1.9260096e-3,MOSI,2,0x8800,OK
541,,-1.9260096e-3,MISO,2,0x0004,OK
542,,-1.9065088e-3,MOSI,2,0x8800,OK
543,,-1.9065088e-3,MISO,2,0x0004,OK
544,,-1.8870080e-3,MOSI,2,0x8800,OK
545,,-1.8870080e-3,MISO,2,0x0004,OK
546,,-1.7040064e-3,MOSI,2,0x8800,OK
547,,-1.7040064e-3,MISO,2,0x0004,OK
548,,-1.6845120e-3,MOSI,2,0x8800,OK
549,,-1.6845120e-3,MISO,2,0x0004,OK
550,,-1.6650112e-3,MOSI,2,0x8800,OK
551,,-1.6650112e-3,MISO,2,0x0004,OK
552,,-1.6455104e-3,MOSI,2,0x8800,OK
553,,-1.6455104e-3,MISO,2,0x0004,OK
554,,-1.6260096e-3,MOSI,2,0x8800,OK
555,,-1.6260096e-3,MISO,2,0x0004,OK
556,,-1.6065088e-3,MOSI,2,0x8800,OK
557,,-1.6065088e-3,MISO,2,0x0004,OK
558,,-1.5870080e-3,MOSI,2,0x8800,OK
559,,-1.5870080e-3,MISO,2,0x0004,OK
560,,-1.5675072e-3,MOSI,2,0x8800,OK
561,,-1.5675072e-3,MISO,2,0x0004,OK
562,,-1.5480064e-3,MOSI,2,0x8800,OK
563,,-1.5480064e-3,MISO,2,0x0004,OK
564,,-1.5285120e-3,MOSI,2,0x8800,OK
565,,-1.5285120e-3,MISO,2,0x0004,OK
566,,-1.5090112e-3,MOSI,2,0x8800,OK
567,,-1.5090112e-3,MISO,2,0x0004,OK
568,,-1.4895104e-3,MOSI,2,0x8800,OK
569,,-1.4895104e-3,MISO,2,0x0004,OK
570,,-1.4700096e-3,MOSI,2,0x8800,OK
571,,-1.4700096e-3,MISO,2,0x0004,OK
572,,-1.4505088e-3,MOSI,2,0x8800,OK
573,,-1.4505088e-3,MISO,2,0x0004,OK
574,,-1.4310080e-3,MOSI,2,0x8800,OK
575,,-1.4310080e-3,MISO,2,0x0004,OK
576,,-1.4115072e-3,MOSI,2,0x8800,OK
577,,-1.4115072e-3,MISO,2,0x0004,OK
578,,-1.3920064e-3,MOSI,2,0x8800,OK
579,,-1.3920064e-3,MISO,2,0x0004,OK
580,,-1.3725120e-3,MOSI,2,0x8800,OK
581,,-1.3725120e-3,MISO,2,0x0004,OK
582,,-1.3530112e-3,MOSI,2,0x8800,OK
583,,-1.3530112e-3,MISO,2,0x0004,OK
584,,-1.3335104e-3,MOSI,2,0x8800,OK
585,,-1.3335104e-3,MISO,2,0x0004,OK
586,,-1.3140096e-3,MOSI,2,0x8800,OK
587,,-1.3140096e-3,MISO,2,0x0004,OK
588,,-1.2945088e-3,MOSI,2,0x8800,OK
589,,-1.2945088e-3,MISO,2,0x0004,OK
590,,-1.2750080e-3,MOSI,2,0x8800,OK
591,,-1.2750080e-3,MISO,2,0x0004,OK
592,,-1.2555072e-3,MOSI,2,0x8800,OK
593,,-1.2555072e-3,MISO,2,0x0004,OK
594,,-1.2360064e-3,MOSI,2,0x8800,OK
595,,-1.2360064e-3,MISO,2,0x0004,OK
596,,-1.2165120e-3,MOSI,2,0x8800,OK
597,,-1.2165120e-3,MISO,2,0x0004,OK
598,,-1.1970112e-3,MOSI,2,0x8800,OK
599,,-1.1970112e-3,MISO,2,0x0004,OK
600,,-1.1775104e-3,MOSI,2,0x8800,OK
601,,-1.1775104e-3,MISO,2,0x0004,OK
602,,-1.1580096e-3,MOSI,2,0x8800,OK
603,,-1.1580096e-3,MISO,2,0x0004,OK
604,,-1.1385088e-3,MOSI,2,0x8800,OK
605,,-1.1385088e-3,MISO,2,0x0004,OK
606,,-1.1190080e-3,MOSI,2,0x8800,OK
607,,-1.1190080e-3,MISO,2,0x0004,OK
608,,-1.0995072e-3,MOSI,2,0x8800,OK
609,,-1.0995072e-3,MISO,2,0x0004,OK
610,,-1.0800064e-3,MOSI,2,0x8800,OK
611,,-1.0800064e-3,MISO,2,0x0004,OK
612,,-1.0605120e-3,MOSI,2,0x8800,OK
613,,-1.0605120e-3,MISO,2,0x0004,OK
614,,-1.0410112e-3,MOSI,2,0x8800,OK
615,,-1.0410112e-3,MISO,2,0x0004,OK
616,,-1.0215104e-3,MOSI,2,0x8800,OK
617,,-1.0215104e-3,MISO,2,0x0004,OK
618,,-1.0020096e-3,MOSI,2,0x8800,OK
619,,-1.0020096e-3,MISO,2,0x0004,OK
620,,-982.5088000e-6,MOSI,2,0x8800,OK
621,,-982.5088000e-6,MISO,2,0x0004,OK
622,,-963.0080000e-6,MOSI,2,0x8800,OK
623,,-963.0080000e-6,MISO,2,0x0004,OK
624,,-943.5072000e-6,MOSI,2,0x8800,OK
625,,-943.5072000e-6,MISO,2,0x0004,OK
626,,-924.0064000e-6,MOSI,2,0x8800,OK
627,,-924.0064000e-6,MISO,2,0x0004,OK
628,,-904.5056000e-6,MOSI,2,0x8800,OK
629,,-904.5056000e-6,MISO,2,0x0004,OK
630,,-885.0112000e-6,MOSI,2,0x8800,OK
631,,-885.0112000e-6,MISO,2,0x0004,OK
632,,-865.5104000e-6,MOSI,2,0x8800,OK
633,,-865.5104000e-6,MISO,2,0x0004,OK
634,,-846.0096000e-6,MOSI,2,0x8800,OK
635,,-846.0096000e-6,MISO,2,0x0004,OK
636,,-826.5088000e-6,MOSI,2,0x8800,OK
637,,-826.5088000e-6,MISO,2,0x0004,OK
638,,-807.0080000e-6,MOSI,2,0x8800,OK
639,,-807.0080000e-6,MISO,2,0x0004,OK
640,,-787.5072000e-6,MOSI,2,0x8800,OK
641,,-787.5072000e-6,MISO,2,0x0004,OK
642,,-768.0064000e-6,MOSI,2,0x8800,OK
643,,-768.0064000e-6,MISO,2,0x0004,OK
644,,-748.5056000e-6,MOSI,2,0x8800,OK
645,,-748.5056000e-6,MISO,2,0x0004,OK
646,,-729.0112000e-6,MOSI,2,0x8800,OK
647,,-729.0112000e-6,MISO,2,0x0004,OK
648,,-709.5104000e-6,MOSI,2,0x8800,OK
649,,-709.5104000e-6,MISO,2,0x0004,OK
650,,-526.5088000e-6,MOSI,2,0x8800,OK
651,,-526.5088000e-6,MISO,2,0x0004,OK
652,,-507.0080000e-6,MOSI,2,0x8800,OK
653,,-507.0080000e-6,MISO,2,0x0004,OK
654,,-487.5072000e-6,MOSI,2,0x8800,OK
655,,-487.5072000e-6,MISO,2,0x0004,OK
656,,-468.0064000e-6,MOSI,2,0x8800,OK
657,,-468.0064000e-6,MISO,2,0x0004,OK
658,,-448.5056000e-6,MOSI,2,0x8800,OK
659,,-448.5056000e-6,MISO,2,0x0004,OK
660,,-429.0112000e-6,MOSI,2,0x8800,OK
661,,-429.0112000e-6,MISO,2,0x0004,OK
662,,-409.5104000e-6,MOSI,2,0x8800,OK
663,,-409.5104000e-6,MISO,2,0x0004,OK
664,,-390.0096000e-6,MOSI,2,0x8800,OK
665,,-390.0096000e-6,MISO,2,0x0004,OK
666,,-370.5088000e-6,MOSI,2,0x8800,OK
667,,-370.5088000e-6,MISO,2,0x0004,OK
668,,-351.0080000e-6,MOSI,2,0x8800,OK
669,,-351.0080000e-6,MISO,2,0x0004,OK
670,,-331.5072000e-6,MOSI,2,0x8800,OK
671,,-331.5072000e-6,MISO,2,0x0004,OK
672,,-312.0064000e-6,MOSI,2,0x8800,OK
673,,-312.0064000e-6,MISO,2,0x0004,OK
674,,-292.5056000e-6,MOSI,2,0x8800,OK
675,,-292.5056000e-6,MISO,2,0x0004,OK
676,,-273.0048000e-6,MOSI,2,0x8800,OK
677,,-273.0048000e-6,MISO,2,0x0004,OK
678,,-253.5104000e-6,MOSI,2,0x8800,OK
679,,-253.5104000e-6,MISO,2,0x0004,OK
680,,-234.0096000e-6,MOSI,2,0x8800,OK
681,,-234.0096000e-6,MISO,2,0x0004,OK
682,,-214.5088000e-6,MOSI,2,0x8800,OK
683,,-214.5088000e-6,MISO,2,0x0004,OK
684,,-195.0080000e-6,MOSI,2,0x8800,OK
685,,-195.0080000e-6,MISO,2,0x0004,OK
686,,-175.5072000e-6,MOSI,2,0x8800,OK
687,,-175.5072000e-6,MISO,2,0x0004,OK
688,,-156.0064000e-6,MOSI,2,0x8800,OK
689,,-156.0064000e-6,MISO,2,0x0004,OK
690,,-136.5056000e-6,MOSI,2,0x8800,OK
691,,-136.5056000e-6,MISO,2,0x0004,OK
692,,-117.0048000e-6,MOSI,2,0x8800,OK
693,,-117.0048000e-6,MISO,2,0x0004,OK
694,,-97.5104000e-6,MOSI,2,0x8800,OK
695,,-97.5104000e-6,MISO,2,0x0004,OK
696,,-78.0096000e-6,MOSI,2,0x8800,OK
697,,-78.0096000e-6,MISO,2,0x0004,OK
698,,-58.5088000e-6,MOSI,2,0x8800,OK
699,,-58.5088000e-6,MISO,2,0x0004,OK
700,,-39.0080000e-6,MOSI,2,0x8800,OK
701,,-39.0080000e-6,MISO,2,0x0004,OK
702,,-19.5072000e-6,MOSI,2,0x8800,OK
703,,-19.5072000e-6,MISO,2,0x0004,OK
704,,-6.4000000e-9,MOSI,0,,Insufficient
705,,-6.4000000e-9,MISO,0,,Insufficient
